North Island,Auckland,auckland-central
North Island,Auckland/North Shore,north-shore
North Island,Auckland/Waitakere,waitakere
North Island,Auckland/Manukau,manukau
North Island,Auckland/Hunua,hunua
North Island,Dannevirke,dannevirke
North Island,Dargaville,dargaville
North Island,Gisborne,gisborne
North Island,Hamilton,hamilton
North Island,Hastings,hastings
North Island,Kaitaia,kaitaia
North Island,Kerikeri,kerikeri
North Island,Levin,levin
North Island,Masterton,masterton
North Island,Napier,napier
North Island,New Plymouth,new-plymouth
North Island,Paihia,paihia
North Island,Palmerston North,palmerston-north
North Island,Paraparaumu,paraparaumu
North Island,Rotorua,rotorua
North Island,Taumarunui,taumarunui
North Island,Taupo,taupo
North Island,Tauranga,tauranga
North Island,Te Kuiti,te-kuiti
North Island,Thames,thames
North Island,Tokoroa,tokoroa
North Island,Wellington,wellington-city
North Island,Wellington/Lyall Bay,lyall-bay
North Island,Wellington/Lower Hutt,lower-hutt
North Island,Wellington/Upper Hutt,upper-hutt
North Island,Wellington/Wainuiomata,wainuiomata
North Island,Wellington/Porirua,porirua
North Island,Wellington/Kapiti,kapiti
North Island,Whakatane,whakatane
North Island,Whanganui,whanganui
North Island,Whangarei,whangarei
North Island,Whitianga,whitianga
South Island,Alexandra,alexandra
South Island,Ashburton,ashburton
South Island,Blenheim,blenheim
South Island,Christchurch,christchurch
South Island,Christchurch/Eastern Suburbs,eastern-suburbs
South Island,Christchurch/Port Hills,port-hills
South Island,Christchurch/Banks Peninsula,banks-peninsula
South Island,Dunedin,dunedin
South Island,Gore,gore
South Island,Greymouth,greymouth
South Island,Hokitika,hokitika
South Island,Invercargill,invercargill
South Island,Kaikoura,kaikoura
South Island,Milford Sound,milford-sound
South Island,Motueka,motueka
South Island,Mount Cook,mount-cook
South Island,Nelson,nelson
South Island,Oamaru,oamaru
South Island,Queenstown,queenstown
South Island,Reefton,reefton
South Island,Timaru,timaru
South Island,Wanaka,wanaka
South Island,Westport,westport
